product_id,name,price,category,subcategory,price_normalized,category_encoded,subcategory_encoded
40015,Unisex Dirty Denim,950.0,Clothing,Denim,0.49008498583569404,4,1
40016,Unisex Dark Denim,950.0,Clothing,Denim,0.49008498583569404,4,1
40017,STRAIGHT FIT BLUE DENIM,980.0,KNTD,Denim,0.5070821529745042,6,1
40018,Brown leather jackets,1649.0,Clothing,Jackets,0.8861189801699717,4,4
40019,Black Fur Jackets,1250.0,Clothing,Jackets,0.660056657223796,4,4
40020,Grey mohair knit polo,890.0,Clothing,Polo,0.45609065155807366,4,7
40021,Vintage Leather jacket,1649.0,Clothing,Jackets,0.8861189801699717,4,4
40022,Polo Stitched 3D Puff Embroidery,700.0,Clothing,Polo,0.34844192634560905,4,7
40023,Basic Polo Regular Fit,700.0,Clothing,Polo,0.34844192634560905,4,7
40024,Basic Polo Regular Fit,700.0,Clothing,Polo,0.34844192634560905,4,7
40025,Crime Life Stitched T-Shirt,650.0,Clothing,T-Shirts,0.32011331444759206,4,13
40026,Crime Life Stitched T-Shirt,650.0,Clothing,T-Shirts,0.32011331444759206,4,13
40027,3D “Chaos” stitched T-Shirt,650.0,Clothing,T-Shirts,0.32011331444759206,4,13
40028,3D “Chaos” stitched T-Shirt,650.0,Clothing,T-Shirts,0.32011331444759206,4,13
40029,Self Love Puff Printed T-Shirt,650.0,Clothing,T-Shirts,0.32011331444759206,4,13
40030,Self Love Puff Printed T-Shirt,650.0,Clothing,T-Shirts,0.32011331444759206,4,13
40031,3D “Rich” stitched T-Shirt,650.0,Clothing,T-Shirts,0.32011331444759206,4,13
40032,3D “Rich” stitched T-Shirt,650.0,Clothing,T-Shirts,0.32011331444759206,4,13
40033,3D “Chaotic” stitched T-Shirt,650.0,Clothing,T-Shirts,0.32011331444759206,4,13
40034,3D “Chaotic” stitched T-Shirt,650.0,Clothing,T-Shirts,0.32011331444759206,4,13
40035,Black line zip up,990.0,Clothing,Knitwear,0.5127478753541076,4,5
40036,Black line zip up,990.0,Clothing,Knitwear,0.5127478753541076,4,5
40037,Grey puff printed zipup,990.0,Clothing,Knitwear,0.5127478753541076,4,5
40038,Grey puff printed zipup,990.0,Clothing,Knitwear,0.5127478753541076,4,5
40039,Aura handsprayed zipup,990.0,Clothing,Knitwear,0.5127478753541076,4,5
40040,Aura handsprayed zipup,990.0,Clothing,Knitwear,0.5127478753541076,4,5
40041,Chaotic stitched crewneck,890.0,Clothing,Sweatshirts,0.45609065155807366,4,12
40042,Chaotic stitched crewneck,890.0,Clothing,Sweatshirts,0.45609065155807366,4,12
40043,Dead performance stitched zipup,990.0,Clothing,Knitwear,0.5127478753541076,4,5
40044,Dead performance stitched zipup,990.0,Clothing,Knitwear,0.5127478753541076,4,5
40045,Excentred stitched zipup,990.0,Clothing,Knitwear,0.5127478753541076,4,5
40046,Excentred stitched zipup,990.0,Clothing,Knitwear,0.5127478753541076,4,5
40047,Black line sweatpants,900.0,Clothing,Sweatpants,0.46175637393767704,4,11
40048,Black line sweatpants,900.0,Clothing,Sweatpants,0.46175637393767704,4,11
40049,Baby blue puff printed zipup,990.0,Clothing,Knitwear,0.5127478753541076,4,5
40050,Baby blue puff printed zipup,990.0,Clothing,Knitwear,0.5127478753541076,4,5
40051,Black puff printed zipup,990.0,Clothing,Knitwear,0.5127478753541076,4,5
40052,Black puff printed zipup,990.0,Clothing,Knitwear,0.5127478753541076,4,5
40053,Black mohair knit polo,890.0,Clothing,Polo,0.45609065155807366,4,7
40054,Black mohair knit polo,890.0,Clothing,Polo,0.45609065155807366,4,7
40055,Beige mohair knit polo,890.0,Clothing,Polo,0.45609065155807366,4,7
40056,Beige mohair knit polo,890.0,Clothing,Polo,0.45609065155807366,4,7
40057,Brown Knitted quarter zipper,850.0,Clothing,Knitwear,0.43342776203966005,4,5
40058,Brown Knitted quarter zipper,850.0,Clothing,Knitwear,0.43342776203966005,4,5
40059,Black knitted quarter zipper,850.0,Clothing,Knitwear,0.43342776203966005,4,5
40060,Black knitted quarter zipper,850.0,Clothing,Knitwear,0.43342776203966005,4,5
40061,Embroidered Sweats,899.0,Clothing,Pants,0.46118980169971674,4,6
40062,Embroidered Sweats,899.0,Clothing,Pants,0.46118980169971674,4,6
40063,Embroidered Sweats,899.0,Clothing,Pants,0.46118980169971674,4,6
40064,Embroidered Sweats,899.0,Clothing,Pants,0.46118980169971674,4,6
40065,Zipped Embroidered Hoodie,1049.0,Clothing,Hoodies,0.5461756373937677,4,3
40066,Zipped Embroidered Hoodie,1049.0,Clothing,Hoodies,0.5461756373937677,4,3
40067,Zipped Embroidered Hoodie,1049.0,Clothing,Hoodies,0.5461756373937677,4,3
40068,Zipped Embroidered Hoodie,1049.0,Clothing,Hoodies,0.5461756373937677,4,3
40069,Baggy Washed Jeans,1149.0,Clothing,Pants,0.6028328611898017,4,6
40070,Baggy Washed Jeans,1149.0,Clothing,Pants,0.6028328611898017,4,6
40071,Baggy Washed Jeans,1149.0,Clothing,Pants,0.6028328611898017,4,6
40072,Baggy Washed Jeans,1149.0,Clothing,Pants,0.6028328611898017,4,6
40073,Embroidered Sweatshirt,899.0,Clothing,T-Shirts,0.46118980169971674,4,13
40074,Embroidered Hoodie,949.0,Clothing,Hoodies,0.48951841359773374,4,3
40075,Embroidered Hoodie,949.0,Clothing,Hoodies,0.48951841359773374,4,3
40076,Embroidered Hoodie,949.0,Clothing,Hoodies,0.48951841359773374,4,3
40077,Long sleeve Tank,449.0,Clothing,Tops,0.20623229461756373,4,14
40078,Long sleeve Tank,449.0,Clothing,Tops,0.20623229461756373,4,14
40079,Carpenter Jacket,1199.0,Clothing,Jackets,0.6311614730878187,4,4
40080,Carpenter Jacket,1199.0,Clothing,Jackets,0.6311614730878187,4,4
40081,Carpenter Jacket,1199.0,Clothing,Jackets,0.6311614730878187,4,4
40082,Relaxed Chino Pants,1149.0,Clothing,Pants,0.6028328611898017,4,6
40083,Relaxed Chino Pants,1149.0,Clothing,Pants,0.6028328611898017,4,6
40084,Relaxed Chino Pants,1149.0,Clothing,Pants,0.6028328611898017,4,6
40085,Embroidered Sweatshirt,899.0,Clothing,T-Shirts,0.46118980169971674,4,13
40086,Embroidered Sweatshirt,899.0,Clothing,T-Shirts,0.46118980169971674,4,13
40087,Baggy Raw Jeans,999.0,Clothing,Pants,0.5178470254957507,4,6
40088,Baggy Raw Jeans,999.0,Clothing,Pants,0.5178470254957507,4,6
40089,Relaxed Washed Jeans,1149.0,Clothing,Pants,0.6028328611898017,4,6
40090,Relaxed Washed Jeans,1149.0,Clothing,Pants,0.6028328611898017,4,6
40091,Relaxed Washed Jeans,1149.0,Clothing,Pants,0.6028328611898017,4,6
40092,Relaxed Washed Jeans,1149.0,Clothing,Pants,0.6028328611898017,4,6
40093,Embroidered Hoodie,949.0,Clothing,Hoodies,0.48951841359773374,4,3
40094,Embroidered Hoodie,949.0,Clothing,Hoodies,0.48951841359773374,4,3
40095,Gem Tee,899.0,Clothing,T-Shirts,0.46118980169971674,4,13
40096,Plain Tee,899.0,Clothing,T-Shirts,0.46118980169971674,4,13
40097,Carpenter Jacket,1199.0,Clothing,Jackets,0.6311614730878187,4,4
40098,Relaxed Chino Pants,1149.0,Clothing,Pants,0.6028328611898017,4,6
40099,Baggy Raw Jeans,999.0,Clothing,Pants,0.5178470254957507,4,6
40100,Relaxed Washed Jeans,1149.0,Clothing,Pants,0.6028328611898017,4,6
40101,Embroidered Sweatshirt,899.0,Clothing,T-Shirts,0.46118980169971674,4,13
40102,Embroidered Hoodie,949.0,Clothing,Hoodies,0.48951841359773374,4,3
40103,Stamped Shorts,399.0,Clothing,Shorts,0.17790368271954674,4,9
40104,Handwritten Pants,1299.0,Clothing,Pants,0.6878186968838527,4,6
40105,Secret-zipper Pants,1599.0,Clothing,Pants,0.8577903682719547,4,6
40106,Desert Zircon Tee,399.0,Clothing,T-Shirts,0.17790368271954674,4,13
40107,Cloudy Shirt,499.0,Clothing,Tops,0.23456090651558073,4,14
40108,Bombast Tee,399.0,Clothing,T-Shirts,0.17790368271954674,4,13
40109,Bombast Tee,399.0,Clothing,T-Shirts,0.17790368271954674,4,13
40110,Brown Long Sleeve Round Top,270.0,Seemly,Tops,0.1048158640226629,7,14
40111,Dark Green Long Sleeve Round Top,270.0,Seemly,Tops,0.1048158640226629,7,14
40112,Burgundy Long Sleeve Round Top,270.0,Seemly,Tops,0.1048158640226629,7,14
40113,Navy Blue Long Sleeve Round Top,270.0,Seemly,Tops,0.1048158640226629,7,14
40114,Olive Green Long Sleeve Round Top,270.0,Seemly,Tops,0.1048158640226629,7,14
40115,Beige Long Sleeve Round Top,270.0,Seemly,Tops,0.1048158640226629,7,14
40116,Light Grey Long Sleeve Round Top,270.0,Seemly,Tops,0.1048158640226629,7,14
40117,Dark Grey Long Sleeve Round Top,270.0,Seemly,Tops,0.1048158640226629,7,14
40118,Pink Long Sleeve Round Top,270.0,Seemly,Tops,0.1048158640226629,7,14
40119,White Long Sleeve Round Top,270.0,Seemly,Tops,0.1048158640226629,7,14
40120,Black Long Sleeve Round Top,270.0,Seemly,Tops,0.1048158640226629,7,14
40121,Olive Sweatshirt,700.0,Seemly,T-Shirts,0.34844192634560905,7,13
40122,Beige Sweatshirt,700.0,Seemly,T-Shirts,0.34844192634560905,7,13
40123,Burgundy Sweatshirt,700.0,Seemly,T-Shirts,0.34844192634560905,7,13
40124,Brown Sweatshirt,700.0,Seemly,T-Shirts,0.34844192634560905,7,13
40125,Navy Blue Sweatshirt,700.0,Seemly,T-Shirts,0.34844192634560905,7,13
40126,Light Grey Sweatshirt,700.0,Seemly,T-Shirts,0.34844192634560905,7,13
40127,Dark Grey Sweatshirt,700.0,Seemly,T-Shirts,0.34844192634560905,7,13
40128,Pink Sweatshirt,700.0,Seemly,T-Shirts,0.34844192634560905,7,13
40129,White Sweatshirt,700.0,Seemly,T-Shirts,0.34844192634560905,7,13
40130,BLACK CREW NECK,550.0,Seemly,Sweatshirts,0.26345609065155806,7,12
40131,Brown Q-zip,600.0,Seemly,Knitwear,0.29178470254957506,7,5
40132,Olive Q-zip,600.0,Seemly,Knitwear,0.29178470254957506,7,5
40133,Burgundy Q-zip,600.0,Seemly,Knitwear,0.29178470254957506,7,5
40134,Navy Q-zip,600.0,Seemly,Knitwear,0.29178470254957506,7,5
40135,Beige Q-zip,600.0,Seemly,Knitwear,0.29178470254957506,7,5
40136,Dark Grey Q-zip,600.0,Seemly,Knitwear,0.29178470254957506,7,5
40137,Pink Q-zip,600.0,Seemly,Knitwear,0.29178470254957506,7,5
40138,White Q-zip,600.0,Seemly,Knitwear,0.29178470254957506,7,5
40139,Black Q-zip,600.0,Seemly,Knitwear,0.29178470254957506,7,5
40140,Beige Baby Hoodie,520.0,Seemly,Hoodies,0.24645892351274787,7,3
40141,Brown Baby Hoodie,520.0,Seemly,Hoodies,0.24645892351274787,7,3
40142,Navy Blue Baby Hoodie,520.0,Seemly,Hoodies,0.24645892351274787,7,3
40143,Light Grey Baby Hoodie,520.0,Seemly,Hoodies,0.24645892351274787,7,3
40144,Dark Grey Baby Hoodie,520.0,Seemly,Hoodies,0.24645892351274787,7,3
40145,Pink Baby Hoodie,520.0,Seemly,Hoodies,0.24645892351274787,7,3
40146,White Baby Hoodie,520.0,Seemly,Hoodies,0.24645892351274787,7,3
40147,Black Baby Hoodie,520.0,Seemly,Hoodies,0.24645892351274787,7,3
40148,Beige Baby Zip Up,580.0,Seemly,Knitwear,0.2804532577903683,7,5
40149,Brown Baby Zip Up,580.0,Seemly,Knitwear,0.2804532577903683,7,5
40150,Navy Blue Baby Zip Up,580.0,Seemly,Knitwear,0.2804532577903683,7,5
40151,Light Grey Baby Zip Up,580.0,Seemly,Knitwear,0.2804532577903683,7,5
40152,Dark Grey Baby Zip Up,580.0,Seemly,Knitwear,0.2804532577903683,7,5
40153,Pink Baby Zip Up,580.0,Seemly,Knitwear,0.2804532577903683,7,5
40154,White Baby Zip Up,580.0,Seemly,Knitwear,0.2804532577903683,7,5
40155,Black Baby Zip Up,580.0,Seemly,Knitwear,0.2804532577903683,7,5
40156,Yellow Off Shoulder,570.0,Seemly,Tops,0.2747875354107649,7,14
40157,Burgundy Off Shoulder,570.0,Seemly,Tops,0.2747875354107649,7,14
40158,Brown Off Shoulder,570.0,Seemly,Tops,0.2747875354107649,7,14
40159,Navy Blue Off Shoulder,570.0,Seemly,Tops,0.2747875354107649,7,14
40160,Light Grey Off Shoulder,570.0,Seemly,Tops,0.2747875354107649,7,14
40161,Dark Grey Off Shoulder,570.0,Seemly,Tops,0.2747875354107649,7,14
40162,Pink Off Shoulder,570.0,Seemly,Tops,0.2747875354107649,7,14
40163,White Off Shoulder,570.0,Seemly,Tops,0.2747875354107649,7,14
40164,Black Off Shoulder,570.0,Seemly,Tops,0.2747875354107649,7,14
40165,Light Olive Basic Hoodie,520.0,Seemly,Hoodies,0.24645892351274787,7,3
40166,Burgundy Basic Hoodie,520.0,Seemly,Hoodies,0.24645892351274787,7,3
40167,Yellow Basic Hoodie,520.0,Seemly,Hoodies,0.24645892351274787,7,3
40168,Brown Basic Hoodie,520.0,Seemly,Hoodies,0.24645892351274787,7,3
40169,Navy Basic Hoodie,520.0,Seemly,Hoodies,0.24645892351274787,7,3
40170,Green Basic Hoodie,520.0,Seemly,Hoodies,0.24645892351274787,7,3
40171,Beige Basic Hoodie,520.0,Seemly,Hoodies,0.24645892351274787,7,3
40172,Light Grey Basic Hoodie,520.0,Seemly,Hoodies,0.24645892351274787,7,3
40173,Dark Grey Basic Hoodie,520.0,Seemly,Hoodies,0.24645892351274787,7,3
40174,White Basic Hoodie,520.0,Seemly,Hoodies,0.24645892351274787,7,3
40175,Teal Blue Basic Hoodie,520.0,Seemly,Hoodies,0.24645892351274787,7,3
40176,Pink Basic Hoodie,520.0,Seemly,Hoodies,0.24645892351274787,7,3
40177,Charcoal Grey Basic Hoodie,520.0,Seemly,Hoodies,0.24645892351274787,7,3
40178,BLACK HOODIE,600.0,Seemly,Hoodies,0.29178470254957506,7,3
40179,Baby Blue Basic Hoodie,520.0,Seemly,Hoodies,0.24645892351274787,7,3
40180,Winter Olive Sweatpants,700.0,Seemly,Sweatpants,0.34844192634560905,7,11
40181,Winter Yellow Sweatpants,700.0,Seemly,Sweatpants,0.34844192634560905,7,11
40182,Winter Brown Sweatpants,700.0,Seemly,Sweatpants,0.34844192634560905,7,11
40183,Brown Long Sleeve Square Top,290.0,Seemly,Tops,0.11614730878186968,7,14
40184,Dark Green Long Sleeve Square Top,290.0,Seemly,Tops,0.11614730878186968,7,14
40185,Burgundy Long Sleeve Square Top,290.0,Seemly,Tops,0.11614730878186968,7,14
40186,Navy Blue Long Sleeve Square Top,290.0,Seemly,Tops,0.11614730878186968,7,14
40187,Olive Long Sleeve Square Top,290.0,Seemly,Tops,0.11614730878186968,7,14
40188,Beige Long Sleeve Square Top,290.0,Seemly,Tops,0.11614730878186968,7,14
40189,Dark Grey Long Sleeve Square Top,290.0,Seemly,Tops,0.11614730878186968,7,14
40190,Pink Long Sleeve Square Top,290.0,Seemly,Tops,0.11614730878186968,7,14
40191,Winter Navy Blue Sweatpants,700.0,Seemly,Sweatpants,0.34844192634560905,7,11
40192,Winter Dark Green Sweatpants,700.0,Seemly,Sweatpants,0.34844192634560905,7,11
40193,Winter Beige Sweatpants,700.0,Seemly,Sweatpants,0.34844192634560905,7,11
40194,Winter Light Grey Sweatpants,700.0,Seemly,Sweatpants,0.34844192634560905,7,11
40195,Winter Dark Grey Sweatpants,700.0,Seemly,Sweatpants,0.34844192634560905,7,11
40196,Light Grey Long Sleeve Square Top,290.0,Seemly,Tops,0.11614730878186968,7,14
40197,White Long Sleeve Square Top,290.0,Seemly,Tops,0.11614730878186968,7,14
40198,Black Long Sleeve Square Top,290.0,Seemly,Tops,0.11614730878186968,7,14
40199,Winter Teal Blue Sweatpants,700.0,Seemly,Sweatpants,0.34844192634560905,7,11
40200,Winter Pink Sweatpants,700.0,Seemly,Sweatpants,0.34844192634560905,7,11
40201,Winter Off White Sweatpants,700.0,Seemly,Sweatpants,0.34844192634560905,7,11
40202,Winter Charcoal Grey Sweatpants,700.0,Seemly,Sweatpants,0.34844192634560905,7,11
40203,Interlock summer pants- Black,665.0,Seemly,Sweatpants,0.3286118980169972,7,11
40204,Winter Baby Blue Sweatpants,700.0,Seemly,Sweatpants,0.34844192634560905,7,11
40205,Women Light Grey Striped Tailor Pants,600.0,Seemly,Pants,0.29178470254957506,7,6
40206,Women Dark Grey Striped Tailor Pants,600.0,Seemly,Pants,0.29178470254957506,7,6
40207,Women Light Grey Tailor Pants,600.0,Seemly,Pants,0.29178470254957506,7,6
40208,Women Black Tailor Pants,600.0,Seemly,Pants,0.29178470254957506,7,6
40209,Men Light Grey Striped Tailor Pants,600.0,Seemly,Pants,0.29178470254957506,7,6
40210,Men Dark Grey Striped Tailor Pants,600.0,Seemly,Pants,0.29178470254957506,7,6
40211,Men Light Grey Tailor Pants,600.0,Seemly,Pants,0.29178470254957506,7,6
40212,Men Black Tailor Pants,600.0,Seemly,Pants,0.29178470254957506,7,6
40213,Grey Yoga Pants,300.0,Seemly,Summer Essentials,0.12181303116147309,7,10
40214,Black Yoga Pants,300.0,Seemly,Summer Essentials,0.12181303116147309,7,10
40215,Navy Blue Basic T-Shirt,220.0,Seemly,T-Shirts,0.0764872521246459,7,13
40216,Pink Basic T-Shirt,220.0,Seemly,T-Shirts,0.0764872521246459,7,13
40217,Dark Grey Basic T-Shirt,220.0,Seemly,T-Shirts,0.0764872521246459,7,13
40218,Off-White Basic T-Shirt,220.0,Seemly,T-Shirts,0.0764872521246459,7,13
40219,Everyday Textured T-shirt - Black,500.0,Seemly,T-Shirts,0.23512747875354106,7,13
40220,Olive Green Basic T-Shirt,220.0,Seemly,T-Shirts,0.0764872521246459,7,13
40221,Light Grey Spaghetti Top,99.0,Seemly,Summer Essentials,0.00793201133144476,7,10
40222,White Spaghetti Top,99.0,Seemly,Summer Essentials,0.00793201133144476,7,10
40223,Black Spaghetti Top,99.0,Seemly,Summer Essentials,0.00793201133144476,7,10
40224,Royal Blue Cut Top,220.0,Seemly,Summer Essentials,0.0764872521246459,7,10
40225,Light Grey Cut Top,220.0,Seemly,Summer Essentials,0.0764872521246459,7,10
40226,Olive Green Cut Top,220.0,Seemly,Summer Essentials,0.0764872521246459,7,10
40227,Navy Blue Cut Top,220.0,Seemly,Summer Essentials,0.0764872521246459,7,10
40228,Pink Cut Top,220.0,Seemly,Summer Essentials,0.0764872521246459,7,10
40229,Burgundy Cut Top,220.0,Seemly,Summer Essentials,0.0764872521246459,7,10
40230,Off-White Cut Top,220.0,Seemly,Summer Essentials,0.0764872521246459,7,10
40231,Black Cut Top,220.0,Seemly,Summer Essentials,0.0764872521246459,7,10
40232,Royal Blue Square Top,220.0,Seemly,Summer Essentials,0.0764872521246459,7,10
40233,Light Grey Square Top,220.0,Seemly,Summer Essentials,0.0764872521246459,7,10
40234,Olive Green Square Top,220.0,Seemly,Summer Essentials,0.0764872521246459,7,10
40235,Navy Blue Square Top,220.0,Seemly,Summer Essentials,0.0764872521246459,7,10
40236,Burgundy Square Top,220.0,Seemly,Summer Essentials,0.0764872521246459,7,10
40237,Off-White Square Top,220.0,Seemly,Summer Essentials,0.0764872521246459,7,10
40238,Black Square Top,220.0,Seemly,Summer Essentials,0.0764872521246459,7,10
40239,Washed Grey Round Neck Top,210.0,Seemly,Summer Essentials,0.0708215297450425,7,10
40240,Yellow Round Neck Top,210.0,Seemly,Summer Essentials,0.0708215297450425,7,10
40241,Off-White Round Neck Top,210.0,Seemly,Summer Essentials,0.0708215297450425,7,10
40242,Olive Green Round Neck Top,210.0,Seemly,Summer Essentials,0.0708215297450425,7,10
40243,Black Round Neck Top,210.0,Seemly,Summer Essentials,0.0708215297450425,7,10
40244,Pink Round Neck Top,210.0,Seemly,Summer Essentials,0.0708215297450425,7,10
40245,Light Grey Round Neck Top,210.0,Seemly,Summer Essentials,0.0708215297450425,7,10
40246,Dark Grey Round Neck Top,210.0,Seemly,Summer Essentials,0.0708215297450425,7,10
40247,Royal Blue Round Neck Top,210.0,Seemly,Summer Essentials,0.0708215297450425,7,10
40248,Burgundy Round Neck Top,210.0,Seemly,Summer Essentials,0.0708215297450425,7,10
40249,Navy Blue Round Neck Top,210.0,Seemly,Summer Essentials,0.0708215297450425,7,10
40250,Pink Square Top,220.0,Seemly,Summer Essentials,0.0764872521246459,7,10
40251,Dark Grey Spaghetti Top,99.0,Seemly,Summer Essentials,0.00793201133144476,7,10
40252,Pink Spaghetti Top,99.0,Seemly,Summer Essentials,0.00793201133144476,7,10
40253,Royal Blue Basic T-Shirt,220.0,Seemly,T-Shirts,0.0764872521246459,7,13
40254,Washed Grey Basic T-Shirt,220.0,Seemly,T-Shirts,0.0764872521246459,7,13
40255,"Black ""Wahet Cleopatra""",600.0,Antikka,T-Shirts,0.29178470254957506,0,13
40256,Black Reg3na 3eyal Hoodie,790.0,Antikka,Hoodies,0.39943342776203966,0,3
40257,Grey Oversized T,750.0,Antikka,T-Shirts,0.37677053824362605,0,13
40258,Black Queen of Hearts Tee,750.0,Antikka,T-Shirts,0.37677053824362605,0,13
40259,White Malek Farouk Tee,750.0,Antikka,T-Shirts,0.37677053824362605,0,13
40260,Orange Oversized Tee,650.0,Antikka,T-Shirts,0.32011331444759206,0,13
40261,Black Queen of Hearts T-Shirt,700.0,Antikka,T-Shirts,0.34844192634560905,0,13
40262,White Malek Farouk Tee,550.0,Antikka,T-Shirts,0.26345609065155806,0,13
40263,The Charcoal Nefertiti Hoodie,920.0,Antikka,Hoodies,0.4730878186968839,0,3
40264,The Mint Abou ElHaul Hoodie,920.0,Antikka,Hoodies,0.4730878186968839,0,3
40265,The Emerald Green Cairo Hoodie,920.0,Antikka,Hoodies,0.4730878186968839,0,3
40266,The Black Queen of Hearts Hoodie,950.0,Antikka,Hoodies,0.49008498583569404,0,3
40267,The White Cleopatra Hoodie,920.0,Antikka,Hoodies,0.4730878186968839,0,3
40268,Charcoal Cargo Sweats,690.0,Antikka,Sweatpants,0.34277620396600567,0,11
40269,Mint Cargo Sweats,600.0,Antikka,Sweatpants,0.29178470254957506,0,11
40270,Emerald Green Sweatpants,600.0,Antikka,Sweatpants,0.29178470254957506,0,11
40271,White Sweatpants,600.0,Antikka,Sweatpants,0.29178470254957506,0,11
40272,Black Sweatpants,600.0,Antikka,Sweatpants,0.29178470254957506,0,11
40273,Black Cargo Sweats,690.0,Antikka,Sweatpants,0.34277620396600567,0,11
40274,Red Alfenat Technology Hoodie,920.0,Antikka,Hoodies,0.4730878186968839,0,3
40275,Double Waisted Denim Jeans,790.0,Antikka,Denim,0.39943342776203966,0,1
40276,Black Reg3na 3eyal Hoodie Kids,920.0,Antikka,Hoodies,0.4730878186968839,0,3
40277,Red Alfenat Technology Hoodie Kids,920.0,Antikka,Hoodies,0.4730878186968839,0,3
40278,Lilac “Arsh Khufu”,600.0,Antikka,T-Shirts,0.29178470254957506,0,13
40279,Baby Blue “Hamam Titi”,750.0,Antikka,T-Shirts,0.37677053824362605,0,13
40280,White Baby Tee,360.0,Antikka,T-Shirts,0.1558073654390935,0,13
40281,Grey Baby Tee,360.0,Antikka,T-Shirts,0.1558073654390935,0,13
40282,Pink Baby Tee,360.0,Antikka,T-Shirts,0.1558073654390935,0,13
40283,"Beige ""Scattered`' Crew Neck",760.0,Antikka,Hoodies,0.38243626062322944,0,3
40284,"Olive ""David`' Crew Neck",760.0,Antikka,Hoodies,0.38243626062322944,0,3
40285,"Black ""Medusa"" Hoodie",790.0,Antikka,Hoodies,0.39943342776203966,0,3
40286,Black Wide Leg Pants,640.0,Antikka,Pants,0.31444759206798867,0,6
40287,Olive Wide Leg Pants,640.0,Antikka,Pants,0.31444759206798867,0,6
40288,Beige Wide Leg Pants,640.0,Antikka,Pants,0.31444759206798867,0,6
40289,The White “Lobster O’Clock” Tee,750.0,Antikka,T-Shirts,0.37677053824362605,0,13
40290,The Black “Taverna” Tee,750.0,Antikka,T-Shirts,0.37677053824362605,0,13
40291,The Off-White “Sardine Tales” Tee,750.0,Antikka,T-Shirts,0.37677053824362605,0,13
40292,The Baby Blue “Paralia” Tee,750.0,Antikka,T-Shirts,0.37677053824362605,0,13
40293,THE ASILI PARISIAN COCONUT JACKET,1070.0,Asili,Denim,0.5580736543909348,1,1
40294,THE ASILI MULTI-POCKET COCONUT PANTS,950.0,Asili,Denim,0.49008498583569404,1,1
40295,THE ASILI PARISIAN COCONUT SET,1850.0,Asili,Denim,1.0,1,1
40302,THE ASILI MIGHTY BAGGY JEANS IN BLACKK,920.0,Asili,Denim,0.4730878186968839,1,1
40303,THE ASILI MIGHTY BAGGY JEANS IN BLUE,920.0,Asili,Denim,0.4730878186968839,1,1
40304,THE ASILI DUO ZIPPER JEANS,940.0,Asili,Denim,0.48441926345609065,1,1
40306,PRE-ORDER (HABAYTAK BL SHETA) -حبيتك بالشتاء Hoodie DROP,960.0,Asili,Hoodies,0.49575070821529743,1,3
40307,[PRE-ORDER] The AL ALIS Hoodie Drop,920.0,Asili,Hoodies,0.4730878186968839,1,3
40308,[PRE-ORDER] The Nefertiti Beyoncé Drop,940.0,Asili,Hoodies,0.48441926345609065,1,3
40310,MAMA THINKS YOU’RE BORING HOODIE DROP,950.0,Asili,Hoodies,0.49008498583569404,1,3
40311,The Lady Lisa Drop,890.0,Asili,Hoodies,0.45609065155807366,1,3
40312,PRE-ORDER THE ASILI BLING BLING HOODIE DROP,980.0,Asili,Hoodies,0.5070821529745042,1,3
40313,The Benjamin Franklin Drop,890.0,Asili,Hoodies,0.45609065155807366,1,3
40314,THE ASILI PATCH T-SHIRT IN WASHED GREY,730.0,Asili,T-Shirts,0.3654390934844193,1,13
40318,[PRE-ORDER] THE ATTENTION SEEKER TSHIRT,710.0,Asili,T-Shirts,0.35410764872521244,1,13
40319,[PRE-ORDER] THE QUESTIONING TSHIRT,710.0,Asili,T-Shirts,0.35410764872521244,1,13
40320,The Ghandi Polo T-Shirt,750.0,Asili,T-Shirts,0.37677053824362605,1,13
40324,Basic Black Zip-Up Hoodie,600.0,Blackedition,Hoodies,0.29178470254957506,3,3
40325,Basic Black Baggy Sweatpants,550.0,Blackedition,Sweatpants,0.26345609065155806,3,11
40326,Basic Stone Baggy Sweatpants,550.0,Blackedition,Sweatpants,0.26345609065155806,3,11
40327,Basic Black Hoodie,550.0,Blackedition,Hoodies,0.26345609065155806,3,3
40328,Basic Stone Zip-Up Hoodie,600.0,Blackedition,Hoodies,0.29178470254957506,3,3
40329,V5 Leather Jacket - Burgundy,1200.0,Blackedition,Jackets,0.6317280453257791,3,4
40330,V5 Leather Jacket - Deep Brown,1200.0,Blackedition,Jackets,0.6317280453257791,3,4
40331,V5 Leather Jacket - Forest Green,1200.0,Blackedition,Jackets,0.6317280453257791,3,4
40332,V5 Leather Jacket - Black,1200.0,Blackedition,Jackets,0.6317280453257791,3,4
40333,Basic Black Crewneck,550.0,Blackedition,Sweatshirts,0.26345609065155806,3,12
40334,Basic White Crewneck,550.0,Blackedition,Sweatshirts,0.26345609065155806,3,12
40335,Basic White Baggy Sweatpants,550.0,Blackedition,Sweatpants,0.26345609065155806,3,11
40336,Basic Stone Hoodie,550.0,Blackedition,Hoodies,0.26345609065155806,3,3
40337,Basic Stone Crewneck,550.0,Blackedition,Sweatshirts,0.26345609065155806,3,12
40338,Basic White Zip-Up Hoodie,600.0,Blackedition,Hoodies,0.29178470254957506,3,3
40339,Basic White Hoodie,550.0,Blackedition,Hoodies,0.26345609065155806,3,3
40340,Black Knitted Sweatshirt,650.0,Blackedition,T-Shirts,0.32011331444759206,3,13
40341,Grey Knitted Sweatshirt,650.0,Blackedition,T-Shirts,0.32011331444759206,3,13
40342,Think Twice Zip Up  - White,650.0,Blackedition,Knitwear,0.32011331444759206,3,5
40343,Basic Olive Zip-Up Hoodie,600.0,Blackedition,Hoodies,0.29178470254957506,3,3
40344,V5 Leather Jacket - Caramel,1200.0,Blackedition,Jackets,0.6317280453257791,3,4
40345,Basic Olive Hoodie,550.0,Blackedition,Hoodies,0.26345609065155806,3,3
40346,Basic Earth Hoodie,550.0,Blackedition,Hoodies,0.26345609065155806,3,3
40347,Black v44 sweatpants,800.0,Blackedition,Sweatpants,0.40509915014164305,3,11
40348,UNDIFINED SWEATPANTS,800.0,Blackedition,Sweatpants,0.40509915014164305,3,11
40349,Orange Summer Sweatpants,800.0,Blackedition,Sweatpants,0.40509915014164305,3,11
40350,Unisex Leather Pocket Sweatpants,600.0,Blackedition,Sweatpants,0.29178470254957506,3,11
40351,Unisex Denim Sweatpants,750.0,Blackedition,Sweatpants,0.37677053824362605,3,11
40352,winter warning cargo sweatpants,750.0,Blackedition,Sweatpants,0.37677053824362605,3,11
40353,Project 203 Sweatpants,750.0,Blackedition,Sweatpants,0.37677053824362605,3,11
40354,warning sweatpants,800.0,Blackedition,Sweatpants,0.40509915014164305,3,11
40355,Project 202 Sweatpants,800.0,Blackedition,Sweatpants,0.40509915014164305,3,11
40356,Reflective Sweatpants,600.0,Blackedition,Sweatpants,0.29178470254957506,3,11
40357,Microfiber Fitted Long Sleeve Top,95.0,Basiclook,Tops,0.0056657223796034,2,14
40358,Ribbed Fitted Half Sleeve Top,140.0,Basiclook,Tops,0.031161473087818695,2,14
40359,Ribbed Thick Strap Crew Neck Top,140.0,Basiclook,Sweatshirts,0.031161473087818695,2,12
40360,Boxy Fit T-Shirt,395.0,Basiclook,T-Shirts,0.17563739376770537,2,13
40361,Ribbed Thick Strap Basic Top,140.0,Basiclook,Tops,0.031161473087818695,2,14
40362,Flared Pants,390.0,Basiclook,Pants,0.17280453257790368,2,6
40363,Long Socks Pack of 3,140.0,Basiclook,Accessories,0.031161473087818695,2,0
40364,Oversized T-Shirt,288.0,Basiclook,T-Shirts,0.115014164305949,2,13
40365,Straight Leg Milton™ Pants,544.0,Basiclook,Pants,0.26005665722379606,2,6
40366,Flared Slit Pants,312.0,Basiclook,Pants,0.12861189801699716,2,6
40367,Basic Socks Pack of 3,120.0,Basiclook,Accessories,0.019830028328611898,2,0
40368,Baggy Sweatpants,580.0,Basiclook,Sweatpants,0.2804532577903683,2,11
40369,Long Socks Pack of 3 - Two Line,140.0,Basiclook,Accessories,0.031161473087818695,2,0
40370,Loose T-Shirt 1.0 Unisex,300.0,Basiclook,T-Shirts,0.12181303116147309,2,13
40371,Washed T-Shirt,304.0,Basiclook,T-Shirts,0.12407932011331445,2,13
40372,Straight Leg - Women,480.0,Basiclook,Pants,0.2237960339943343,2,6
40373,Quarter Zip Milton™ Sweatshirt,533.0,Basiclook,T-Shirts,0.2538243626062323,2,13
40374,Knit Set,960.0,Basiclook,Knitwear,0.49575070821529743,2,5
40375,Quarter Sleeve ComfortFlex™ Bodysuit,255.0,Basiclook,Tops,0.09631728045325778,2,14
40376,Double Layer Half Sleeve ComfortFlex™ Top,217.5,Basiclook,Tops,0.07507082152974505,2,14
40377,Knitted Polo Sweatshirt,336.0,Basiclook,T-Shirts,0.14220963172804532,2,13
40378,Cropped  Milton™ Jacket,468.0,Basiclook,Jackets,0.2169971671388102,2,4
40379,Cut ComfortFlex™ Top,195.0,Basiclook,Tops,0.06232294617563739,2,14
40380,Oversized  Milton™ Sweater,494.0,Basiclook,Knitwear,0.23172804532577904,2,5
40381,Loose T-shirt 2.0,330.0,Basiclook,T-Shirts,0.1388101983002833,2,13
40382,Straight Scuba™ Pants with Slit,448.0,Basiclook,Pants,0.2056657223796034,2,6
40383,Oversized Zipper Neck Milton™ Sweater,504.0,Basiclook,Knitwear,0.23739376770538242,2,5
40384,Long Sleeve ComfortFlex™ Bodysuit,230.0,Basiclook,Tops,0.0821529745042493,2,14
40385,Oversized Women T-Shirt,336.0,Basiclook,T-Shirts,0.14220963172804532,2,13
40386,Oversized Scuba™ Hoodie,643.5,Basiclook,Hoodies,0.31643059490084985,2,3
40387,Long Sleeve Contour Top,133.0,Basiclook,Tops,0.027195467422096317,2,14
40388,No Show Socks Pack of 3,120.0,Basiclook,Accessories,0.019830028328611898,2,0
40389,Long Sleeve Top - Women,240.0,Basiclook,Tops,0.08781869688385269,2,14
40390,Flared Leggings Pants,320.0,Basiclook,Pants,0.13314447592067988,2,6
40391,Basic Milton™ Jacket,513.5,Basiclook,Jackets,0.24277620396600566,2,4
40392,Basic Milton™ Sweater,416.0,Basiclook,Knitwear,0.1875354107648725,2,5
40393,Wide Leg Textured Pants,280.0,Basiclook,Pants,0.11048158640226628,2,6
40394,Ruched Top,125.0,Basiclook,Tops,0.0226628895184136,2,14
40395,Spaghetti ComfortFlex™ Top,142.5,Basiclook,Tops,0.032577903682719546,2,14
40396,Cut ComfortFlex™ Bodysuit,217.5,Basiclook,Tops,0.07507082152974505,2,14
40397,Basic Milton™ Hoodie,432.0,Basiclook,Hoodies,0.19660056657223796,2,3
40398,Leggings,340.0,Basiclook,Pants,0.14447592067988668,2,6
40399,Microfiber Fitted Half Sleeve Top,90.0,Basiclook,Tops,0.0028328611898017,2,14
40400,Long Sleeve ComfortFlex™ Top,217.5,Basiclook,Tops,0.07507082152974505,2,14
40401,Extended Neck Top,85.0,Basiclook,Tops,0.0,2,14
40402,Thick Strap ComfortFlex™ Top,217.5,Basiclook,Tops,0.07507082152974505,2,14
40403,Velvet Set,600.0,Basiclook,Sets,0.29178470254957506,2,8
40404,Fitted Knitted Top,225.0,Basiclook,Knitwear,0.07932011331444759,2,5
40405,Washed Straight Leg Pants,378.0,Basiclook,Pants,0.1660056657223796,2,6
40406,Women Shorts,190.0,Basiclook,Shorts,0.059490084985835696,2,9
40407,Off Shoulder Neck Top,90.0,Basiclook,Tops,0.0028328611898017,2,14
40408,Short Sleeve Contour Top,126.0,Basiclook,Tops,0.02322946175637394,2,14
40409,Knitted High Neck Sweater,230.0,Basiclook,Knitwear,0.0821529745042493,2,5
40410,Tricot Women's Plain T-shirt,210.0,Basiclook,T-Shirts,0.0708215297450425,2,13
40411,Knitted High Neck,290.0,Basiclook,Knitwear,0.11614730878186968,2,5
40412,Long Sleeve Extended ComfortFlex™ T-shirt,230.0,Basiclook,T-Shirts,0.0821529745042493,2,13
40413,Quarter Zip Brushed Milton™,492.0,Basiclook,Knitwear,0.23059490084985837,2,5
40414,Slim Fit T-Shirt,290.0,Basiclook,T-Shirts,0.11614730878186968,2,13
40415,Comfort T-Shirt 2.0,340.0,Basiclook,T-Shirts,0.14447592067988668,2,13
40416,Men Scuba™ Pants,448.0,Basiclook,Pants,0.2056657223796034,2,6
40417,Long Sleeve T-Shirt,295.0,Basiclook,T-Shirts,0.11898016997167139,2,13
40418,Classic T-Shirt,312.0,Basiclook,T-Shirts,0.12861189801699716,2,13
40419,Heavy Weight Textured T-Shirt,238.0,Basiclook,T-Shirts,0.086685552407932,2,13
40420,ComfortFlex™ T-shirt,292.5,Basiclook,T-Shirts,0.11756373937677053,2,13
40421,Straight Leg - Men,520.0,Basiclook,Pants,0.24645892351274787,2,6
40422,Light Weight Textured T-shirt,196.0,Basiclook,T-Shirts,0.06288951841359773,2,13
40423,Scuba™ Jacket,643.5,Basiclook,Jackets,0.31643059490084985,2,4
40424,Polo T-Shirt,294.0,Basiclook,T-Shirts,0.11841359773371105,2,13
40425,Cargo Sweatpants,399.0,Basiclook,Sweatpants,0.17790368271954674,2,11
40426,Towel T-Shirt,252.0,Basiclook,T-Shirts,0.09461756373937677,2,13
40427,Knitted Quarter Zip Polo T-Shirt,483.0,Basiclook,T-Shirts,0.2254957507082153,2,13
40428,Boxers Pack of 3,240.0,Basiclook,Accessories,0.08781869688385269,2,0
40429,Brushed Milton™ Shorts,336.0,Basiclook,Shorts,0.14220963172804532,2,9
40430,Boxy Fit T-Shirt 2.0,195.0,Basiclook,T-Shirts,0.06232294617563739,2,13
40431,Ribbed Pants,343.0,Basiclook,Pants,0.1461756373937677,2,6
40432,Comfort T-Shirt,280.0,Basiclook,T-Shirts,0.11048158640226628,2,13
40433,Summer Shorts,165.0,Basiclook,Shorts,0.0453257790368272,2,9
40434,Comfort Brushed Milton™ Sweatpants,512.0,Basiclook,Sweatpants,0.24192634560906515,2,11
40435,Comfort Viscose T-Shirt,145.0,Basiclook,T-Shirts,0.0339943342776204,2,13
40436,Kids Basic Socks Pack of 3,90.0,Basiclook,Accessories,0.0028328611898017,2,0
40437,Kids Long Socks Pack of 3,110.0,Basiclook,Accessories,0.014164305949008499,2,0
40438,Kids Swim Shorts,110.0,Basiclook,Shorts,0.014164305949008499,2,9
40439,Kids T-Shirt Unisex,92.5,Basiclook,T-Shirts,0.00424929178470255,2,13
40440,Crew Neck Long Sleeve Rib,220.0,Basiclook,Sweatshirts,0.0764872521246459,2,12
40441,V-Neck Long Sleeve Rib,220.0,Basiclook,Tops,0.0764872521246459,2,14
40442,Cropped Scuba™ Baseball Jacket,338.0,Basiclook,Jackets,0.14334277620396602,2,4
40443,Tricot With Zipper Shirt- White,900.0,KNTD,Tops,0.46175637393767704,6,14
40444,Tricot With Zipper Shirt- Sky Blue,900.0,KNTD,Tops,0.46175637393767704,6,14
40445,Tricot With Zipper Shirt- Olive,900.0,KNTD,Tops,0.46175637393767704,6,14
40446,Summer knit polo-white,900.0,KNTD,Polo,0.46175637393767704,6,7
40447,Summer knit polo-Black,900.0,KNTD,Polo,0.46175637393767704,6,7
40448,Summer knit polo-olive,900.0,KNTD,Polo,0.46175637393767704,6,7
40449,Straight fit Linen Pants - Black,665.0,KNTD,Pants,0.3286118980169972,6,6
40450,Straight fit Linen Pants - OFF White,665.0,KNTD,Pants,0.3286118980169972,6,6
40451,Straight fit Linen Shorts - Black,525.0,KNTD,Shorts,0.24929178470254956,6,9
40452,Straight fit Linen Shorts -off White,525.0,KNTD,Shorts,0.24929178470254956,6,9
40453,Everyday Essentials Oversized Tshirt- Black,700.0,KNTD,T-Shirts,0.34844192634560905,6,13
40454,Everyday Essentials Oversized Tshirt- Cashmere,700.0,KNTD,T-Shirts,0.34844192634560905,6,13
40455,WHITE KNTD BASIC T-SHIRT,700.0,KNTD,T-Shirts,0.34844192634560905,6,13
40456,OLIVE KNTD BASIC T-SHIRT,700.0,KNTD,T-Shirts,0.34844192634560905,6,13
40457,KNTD TEXTURED BASIC T-SHIRT- White,700.0,KNTD,T-Shirts,0.34844192634560905,6,13
40458,KNTD TEXTURED BASIC T-SHIRT-Black,700.0,KNTD,T-Shirts,0.34844192634560905,6,13
40459,Basic Oversized T-shirt - White,650.0,KNTD,T-Shirts,0.32011331444759206,6,13
40460,Basic Oversized T-shirt - Black,650.0,KNTD,T-Shirts,0.32011331444759206,6,13
40461,Basic Oversized T-shirt - Sky Blue,650.0,KNTD,T-Shirts,0.32011331444759206,6,13
40462,Basic Oversized T-shirt - Grey,650.0,KNTD,T-Shirts,0.32011331444759206,6,13
40463,Basic Oversized T-shirt - Beige,650.0,KNTD,T-Shirts,0.32011331444759206,6,13
40464,Basic Crochet Knit Shirt- Grey,665.0,KNTD,Knitwear,0.3286118980169972,6,5
40465,Basic Crochet Knit Shirt- Black,665.0,KNTD,Knitwear,0.3286118980169972,6,5
40466,Basic Crochet Knit Shirt- White,665.0,KNTD,Knitwear,0.3286118980169972,6,5
40467,Summer Knit Shirt - Beige,665.0,KNTD,Knitwear,0.3286118980169972,6,5
40468,KNTD Essential T-shirt - White,490.0,KNTD,T-Shirts,0.22946175637393768,6,13
40469,The Lush Life Oversized T-shirt,525.0,KNTD,T-Shirts,0.24929178470254956,6,13
40470,Straight fit Linen Pants - Beige,665.0,KNTD,Pants,0.3286118980169972,6,6
40471,Linen shirt- White,1200.0,KNTD,Tops,0.6317280453257791,6,14
40472,Linen shirt- Blue,1200.0,KNTD,Tops,0.6317280453257791,6,14
40473,Linen shirt- Olive,1200.0,KNTD,Tops,0.6317280453257791,6,14
40474,Linen shirt- Yellow,1200.0,KNTD,Tops,0.6317280453257791,6,14
40475,Linen shirt- Black,1200.0,KNTD,Tops,0.6317280453257791,6,14
40476,Linen shirt- Beige,1200.0,KNTD,Tops,0.6317280453257791,6,14
40477,Linen shirt- Navy,1200.0,KNTD,Tops,0.6317280453257791,6,14
40478,The Oxford Shirt - Light Blue,800.0,KNTD,Tops,0.40509915014164305,6,14
40479,The Oxford Shirt - Olive,800.0,KNTD,Tops,0.40509915014164305,6,14
40480,The Oxford Shirt - White,800.0,KNTD,Tops,0.40509915014164305,6,14
40481,Men's Straight Fit Black Denim,840.0,KNTD,Denim,0.42776203966005666,6,1
40482,Everyday Textured T-shirt - White,500.0,KNTD,T-Shirts,0.23512747875354106,6,13
40483,Everyday Textured T-shirt - Beige,500.0,KNTD,T-Shirts,0.23512747875354106,6,13
40484,Women's Smoke Wash Baggy Fit Jeans Pant,799.0,KNTD,Denim,0.40453257790368274,6,1
40485,Women's Gray Wash Baggy Fit Jeans Pant,799.0,KNTD,Denim,0.40453257790368274,6,1
40486,Men's Straight Fit Dirty Blue Denim,799.0,KNTD,Denim,0.40453257790368274,6,1
40487,BLACK CREW NECK CASHMERE,500.0,KNTD,Knitwear,0.23512747875354106,6,5
40488,LIGHT GREY CREW NECK CASHMERE,500.0,KNTD,Knitwear,0.23512747875354106,6,5
40489,STRAIGHT FIT LIGHT GREY QUARTER-ZIP CASHMERE,770.0,KNTD,Knitwear,0.3881019830028329,6,5
40490,BRICK RED HOODIE,600.0,KNTD,Hoodies,0.29178470254957506,6,3
40491,BLACK CARPENTER PANTS,899.0,KNTD,Pants,0.46118980169971674,6,6
40492,NAVY CARPENTER PANTS,899.0,KNTD,Pants,0.46118980169971674,6,6
40493,GREY CARPENTER PANTS,899.0,KNTD,Pants,0.46118980169971674,6,6
40494,GREEN CARPENTER PANTS,899.0,KNTD,Pants,0.46118980169971674,6,6
40495,WOOL SWEATER CREAMY,1250.0,KNTD,Knitwear,0.660056657223796,6,5
40496,WOOL SWEATER NAVY BLUE,1250.0,KNTD,Knitwear,0.660056657223796,6,5
40497,WOOL BLACK RIBBED SWEATER,799.0,KNTD,Knitwear,0.40453257790368274,6,5
40498,WOOL BEIGE RIBBED SWEATER,799.0,KNTD,Knitwear,0.40453257790368274,6,5
40499,BLACK STRAIGHT LEG SWEATPANTS,665.0,KNTD,Sweatpants,0.3286118980169972,6,11
40500,OFF-WHITE STRAIGHT LEG SWEATPANTS,665.0,KNTD,Sweatpants,0.3286118980169972,6,11
40501,BLACK DENIM JACKET,910.0,KNTD,Jackets,0.46742209631728043,6,4
40502,BLUE DENIM JAKET,910.0,KNTD,Denim,0.46742209631728043,6,1
40503,WHITE HOODIE,600.0,KNTD,Hoodies,0.29178470254957506,6,3
40504,WHITE CREW NECK,630.0,KNTD,Sweatshirts,0.3087818696883853,6,12
40505,COBALT BLUE CREW NECK,550.0,KNTD,Sweatshirts,0.26345609065155806,6,12
40506,GREY QUARTER-ZIP CASHMERE,695.0,KNTD,Knitwear,0.34560906515580736,6,5
40507,BLACK QUARTER-ZIP CASHMERE,695.0,KNTD,Knitwear,0.34560906515580736,6,5
40508,STRAIGHT DIRTY DENIM,980.0,KNTD,Denim,0.5070821529745042,6,1
40509,Women's Beige Basic Trouser Wide-Leg,420.0,KNTD,Pants,0.18980169971671387,6,6
40510,Drape Cropped Tee - Sky Blue,210.0,KNTD,T-Shirts,0.0708215297450425,6,13
40511,Drape Cropped Tee - Navy,210.0,KNTD,T-Shirts,0.0708215297450425,6,13
40512,Drape Cropped Tee - Pink,210.0,KNTD,T-Shirts,0.0708215297450425,6,13
40513,Drape Cropped Tee - White,210.0,KNTD,T-Shirts,0.0708215297450425,6,13
40514,Quarter Sleeve Cropped Shirt - Sky Blue,245.0,KNTD,Tops,0.0906515580736544,6,14
40515,Quarter Sleeve Cropped Shirt - Navy,245.0,KNTD,Tops,0.0906515580736544,6,14
40516,BABY BLUE U-SHAPED SHORT SLEEVE,205.0,KNTD,Shorts,0.0679886685552408,6,9
40517,NAVY U-SHAPED SHORT SLEEVE,205.0,KNTD,Shorts,0.0679886685552408,6,9
40518,WHITE U-SHAPED SHORT SLEEVE,205.0,KNTD,Shorts,0.0679886685552408,6,9
40519,Tie Dye One Shoulder Shirt- Grey,150.0,KNTD,Tops,0.036827195467422094,6,14
40520,Women's Black Faux Leather Pants With Belt,700.0,KNTD,Pants,0.34844192634560905,6,6
40521,Women's Brown Faux Leather Pants With Belt,700.0,KNTD,Pants,0.34844192634560905,6,6
40522,High Rise Wide Leg Elastic waist Blue Jeans,840.0,KNTD,Denim,0.42776203966005666,6,1
40523,Women's Blue Skinny Fit Plain Skinny Jeans,699.0,KNTD,Denim,0.34787535410764875,6,1
40524,Black Striped Drawstring Lounge Pants,455.0,KNTD,Pants,0.2096317280453258,6,6
40525,Blue Striped Drawstring Lounge Pants,455.0,KNTD,Pants,0.2096317280453258,6,6
40526,Leopard Print Wide-Leg Pants,455.0,KNTD,Pants,0.2096317280453258,6,6
40527,Leopard Print Wide-Leg Pants,455.0,KNTD,Pants,0.2096317280453258,6,6
40528,Women High-Waisted Washed Black Wide-Leg Jeans,799.0,KNTD,Denim,0.40453257790368274,6,1
40529,Women High-Waisted Washed Blue Wide-Leg Jeans,799.0,KNTD,Denim,0.40453257790368274,6,1
40530,Essentials 2-Piece White Set,595.0,KNTD,Sets,0.28895184135977336,6,8
40531,Essentials 2-Piece Beige Set,595.0,KNTD,Sets,0.28895184135977336,6,8
40532,Essentials 2-Piece Brown Set,595.0,KNTD,Sets,0.28895184135977336,6,8
40533,Essentials 2-Piece Burgundy Set,595.0,KNTD,Sets,0.28895184135977336,6,8
40534,Essentials 2-Piece Black Set,595.0,KNTD,Sets,0.28895184135977336,6,8
40535,Essentials 2-Piece Soft Peach Set,595.0,KNTD,Sets,0.28895184135977336,6,8
40536,Casual Saga 2-Piece Set,665.0,KNTD,Sets,0.3286118980169972,6,8
40537,Casual Sky Blue 2-Piece Set,665.0,KNTD,Sets,0.3286118980169972,6,8
40538,Casual Black 2-Piece Set,665.0,KNTD,Sets,0.3286118980169972,6,8
40539,Casual Beige 2-Piece Set,665.0,KNTD,Sets,0.3286118980169972,6,8
40540,Black Oversized T-Shirt with Back Print,470.0,KNTD,T-Shirts,0.21813031161473087,6,13
40541,White Oversized T-Shirt with Back Print,470.0,KNTD,T-Shirts,0.21813031161473087,6,13
40542,Women's wide leg Dark Blue jeans with ripped hem,799.0,KNTD,Denim,0.40453257790368274,6,1
40543,Women's wide leg Light Blue jeans with ripped hem,799.0,KNTD,Denim,0.40453257790368274,6,1
40544,"Women High-Waisted, Light Blue-Wash Wide-Leg Jeans.",799.0,KNTD,Denim,0.40453257790368274,6,1
40545,"Women High-Waisted, Dark Blue-Wash Wide-Leg Jeans.",799.0,KNTD,Denim,0.40453257790368274,6,1
40546,"Wide, Modern White Gabardine Pants",699.0,KNTD,Pants,0.34787535410764875,6,6
40547,"Wide, Modern Black Gabardine Pants",699.0,KNTD,Pants,0.34787535410764875,6,6
40548,"Wide, Modern  Beige Gabardine Pants",699.0,KNTD,Pants,0.34787535410764875,6,6
40549,Men's Wide-Leg blue wash Denim,799.0,KNTD,Denim,0.40453257790368274,6,1
40550,Men's Wide-Leg black wash Denim,799.0,KNTD,Denim,0.40453257790368274,6,1
40551,Men's Black Slim Fit Turtleneck Sweater,450.0,KNTD,Knitwear,0.20679886685552407,6,5
40552,Men's Black Printed Casual Hoodie,450.0,KNTD,Hoodies,0.20679886685552407,6,3
40553,Men's Green Printed Casual Hoodie,450.0,KNTD,Hoodies,0.20679886685552407,6,3
40554,Men's White Printed Casual Hoodie,450.0,KNTD,Hoodies,0.20679886685552407,6,3
40555,Men's Black embroidered Casual Hoodie,450.0,KNTD,Hoodies,0.20679886685552407,6,3
40556,Men's White embroidered Casual Hoodie,450.0,KNTD,Hoodies,0.20679886685552407,6,3
40557,Men's Beige embroidered Casual Hoodie,450.0,KNTD,Hoodies,0.20679886685552407,6,3
40558,Men's Gray Basic Crew Neck Set,800.0,KNTD,Sweatshirts,0.40509915014164305,6,12
40559,Men's Olive Basic Crew Neck Set,800.0,KNTD,Sweatshirts,0.40509915014164305,6,12
40560,Men's Black Basic Crew Neck Set,800.0,KNTD,Sweatshirts,0.40509915014164305,6,12
40561,Men's Black Textured Long Sleeve Sweater,425.0,KNTD,Knitwear,0.19263456090651557,6,5
40562,Men's Olive Textured Long Sleeve Sweater,425.0,KNTD,Knitwear,0.19263456090651557,6,5
40563,Men's Beige Textured Long Sleeve Sweater,425.0,KNTD,Knitwear,0.19263456090651557,6,5
40564,Men's Light Olive Standard Fit Crew Neck Pullover,425.0,KNTD,Sweatshirts,0.19263456090651557,6,12
40565,Men's Dark Gray Standard Fit Crew Neck Pullover,425.0,KNTD,Sweatshirts,0.19263456090651557,6,12
40566,Men's Olive Standard Fit Crew Neck Pullover,425.0,KNTD,Sweatshirts,0.19263456090651557,6,12
40567,Men's Drak Olive Standard Fit Crew Neck Pullover,425.0,KNTD,Sweatshirts,0.19263456090651557,6,12
40568,Men's White Standard Fit Crew Neck Pullover,425.0,KNTD,Sweatshirts,0.19263456090651557,6,12
40569,Men's Black Standard Fit Crew Neck Pullover,425.0,KNTD,Sweatshirts,0.19263456090651557,6,12
40570,Sky Blue Knitted Sweater With Button-Down Collar,600.0,KNTD,Knitwear,0.29178470254957506,6,5
40571,White Knitted Sweater With Button-Down Collar,840.0,KNTD,Knitwear,0.42776203966005666,6,5
40572,Light Green Crew Neck Embroidered Women's Thick Sweatshirt,450.0,KNTD,T-Shirts,0.20679886685552407,6,13
40573,White Crew Neck Embroidered Women's Thick Sweatshirt,630.0,KNTD,T-Shirts,0.3087818696883853,6,13
40574,Black Crew Neck Embroidered Women's Thick Sweatshirt,630.0,KNTD,T-Shirts,0.3087818696883853,6,13
40575,Crew Neck Sweatshirt in White,900.0,KNTD,T-Shirts,0.46175637393767704,6,13
40576,Crew Neck Sweatshirt in Black,900.0,KNTD,T-Shirts,0.46175637393767704,6,13
40577,Straight Leg SweatPants in White,950.0,KNTD,Sweatpants,0.49008498583569404,6,11
40578,Straight Leg Sweatpants in Black,950.0,KNTD,Sweatpants,0.49008498583569404,6,11
40579,Quarter-Zip Cashmere in White,999.0,KNTD,Knitwear,0.5178470254957507,6,5
40580,Quarter-Zip Cashmere in Black,999.0,KNTD,Knitwear,0.5178470254957507,6,5
40581,Quarter-Zip Cashmere in Gray,999.0,KNTD,Knitwear,0.5178470254957507,6,5
40582,Textured Sweater in Beige,600.0,KNTD,Knitwear,0.29178470254957506,6,5
40583,Textured sweater in White,600.0,KNTD,Knitwear,0.29178470254957506,6,5
40584,Relaxed-Fit Jeans in Black,1050.0,KNTD,Denim,0.546742209631728,6,1
40585,Relaxed-Fit Jeans in gray,1050.0,KNTD,Denim,0.546742209631728,6,1
40586,Full-Zip Knitted Sweater in Beige,1050.0,KNTD,Knitwear,0.546742209631728,6,5
40587,Full-Zip Knitted Sweater in Black,1050.0,KNTD,Knitwear,0.546742209631728,6,5
40588,Quarter Zip Knit in Beige,1050.0,KNTD,Knitwear,0.546742209631728,6,5
40589,Quarter Zip Knit in Black,1050.0,KNTD,Knitwear,0.546742209631728,6,5
40590,Crew Neck Knit in Off White,1050.0,KNTD,Sweatshirts,0.546742209631728,6,12
40591,Crew Neck Knit in Grey,1050.0,KNTD,Sweatshirts,0.546742209631728,6,12
40592,Crew Neck Knit in Navy,1050.0,KNTD,Sweatshirts,0.546742209631728,6,12
40593,Knitted Sweater in Beige,1050.0,KNTD,Knitwear,0.546742209631728,6,5
40594,Knitted Sweater in Gray,1050.0,KNTD,Knitwear,0.546742209631728,6,5
40595,Knitted Sweater in White,1050.0,KNTD,Knitwear,0.546742209631728,6,5
40596,Women’s Cable Knit Zip Sweater – Deep Burgundy,1050.0,KNTD,Knitwear,0.546742209631728,6,5
40597,Cable Knit Sweater in Off White,850.0,KNTD,Knitwear,0.43342776203966005,6,5
40598,Cable Knit Sweater in Light Blue,850.0,KNTD,Knitwear,0.43342776203966005,6,5
40599,Women’s Cable Knit Zip Sweater – Light Beige,1050.0,KNTD,Knitwear,0.546742209631728,6,5
40600,High Neck Cable Knit Sweater in Beige,950.0,KNTD,Knitwear,0.49008498583569404,6,5
40601,High Neck Cable Knit Sweater in Pink,850.0,KNTD,Knitwear,0.43342776203966005,6,5
40602,Black Ribbed Knit Zipper Sweater,950.0,KNTD,Knitwear,0.49008498583569404,6,5
40603,Grey Ribbed Knit Zipper Sweater,950.0,KNTD,Knitwear,0.49008498583569404,6,5
40604,White Ribbed Knit Zipper Sweater,950.0,KNTD,Knitwear,0.49008498583569404,6,5
40605,Relaxed-Fit Jeans in Blue,1050.0,KNTD,Denim,0.546742209631728,6,1
40606,Gabardine Pants in Khaki,950.0,KNTD,Pants,0.49008498583569404,6,6
40607,Textured sweater in Black,600.0,KNTD,Knitwear,0.29178470254957506,6,5
40608,Women High-Waisted Dark Blue Wide-Leg Jeans,1150.0,KNTD,Denim,0.603399433427762,6,1
40609,Wool Jacket with Zipper – Grey,1600.0,KNTD,Jackets,0.8583569405099151,6,4
40610,Women black pants High Sparkle High-Rise Wide Leg Jeans,1150.0,KNTD,Denim,0.603399433427762,6,1
40611,Women dark blue pants High Sparkle High-Rise Wide Leg Jeans,1150.0,KNTD,Denim,0.603399433427762,6,1
40612,Polo T-Shirt in Black,999.0,KNTD,T-Shirts,0.5178470254957507,6,13
40613,Polo T-Shirt in White,999.0,KNTD,T-Shirts,0.5178470254957507,6,13
40614,Polo T-Shirt in Beige,999.0,KNTD,T-Shirts,0.5178470254957507,6,13
40615,Black Sweatshirt with zip-up collar,500.0,KNTD,T-Shirts,0.23512747875354106,6,13
40616,Men's Embroidered Black Fleece Sweatshirt,450.0,KNTD,T-Shirts,0.20679886685552407,6,13
40617,Men's Beige Textured Jacquard Sweatshirt,425.0,KNTD,T-Shirts,0.19263456090651557,6,13
40618,Men's White Textured Jacquard Sweatshirt,425.0,KNTD,T-Shirts,0.19263456090651557,6,13
40619,Men's Black Textured Jacquard Sweatshirt,425.0,KNTD,T-Shirts,0.19263456090651557,6,13
40620,Dark Gray Sweatshirt with zip-up collar,500.0,KNTD,T-Shirts,0.23512747875354106,6,13
40621,Men's Black Leather Vest With White Details,450.0,KNTD,Jackets,0.20679886685552407,6,4
40622,Men's Embroidered Beige Fleece Sweatshirt,450.0,KNTD,T-Shirts,0.20679886685552407,6,13
40623,Men's Embroidered Beige Fleece Sweatshirt,450.0,KNTD,T-Shirts,0.20679886685552407,6,13
40624,Men's Brown Leather Vest With White Details,450.0,KNTD,Jackets,0.20679886685552407,6,4
40625,Men's Wool Black Pullover With small embroidery,450.0,KNTD,Knitwear,0.20679886685552407,6,5
40626,Men's Brown Ribbed Fleece High Neck Sweatshirt,450.0,KNTD,T-Shirts,0.20679886685552407,6,13
40627,Men's Beige Leather Vest With White Details,450.0,KNTD,Jackets,0.20679886685552407,6,4
40628,Men's Gray Ribbed Fleece High Neck Sweatshirt,450.0,KNTD,T-Shirts,0.20679886685552407,6,13
40629,Men's White Ribbed Fleece High Neck Sweatshirt,450.0,KNTD,T-Shirts,0.20679886685552407,6,13
40630,Gray Sweatshirt with zip-up collar,500.0,KNTD,T-Shirts,0.23512747875354106,6,13
40631,Men's Black Leather Vest With Black Details,450.0,KNTD,Jackets,0.20679886685552407,6,4
40632,Men's Embroidered White Fleece Sweatshirt,450.0,KNTD,T-Shirts,0.20679886685552407,6,13
40633,Men's Wool Gray  Pullover With small embroidery,450.0,KNTD,Knitwear,0.20679886685552407,6,5
40634,Button Down Beige Polo T-Shirt,650.0,KNTD,T-Shirts,0.32011331444759206,6,13
40635,Button Down Black Polo T-Shirt,650.0,KNTD,T-Shirts,0.32011331444759206,6,13
40636,Button Down White Polo T-Shirt,650.0,KNTD,T-Shirts,0.32011331444759206,6,13
40637,White polo T-shirt with a subtle pattern,650.0,KNTD,T-Shirts,0.32011331444759206,6,13
40638,Beige polo T-shirt with a subtle pattern,650.0,KNTD,T-Shirts,0.32011331444759206,6,13
40639,Light blue polo T-shirt with a subtle pattern,650.0,KNTD,T-Shirts,0.32011331444759206,6,13
40640,Interlock summer pants- White,665.0,KNTD,Pants,0.3286118980169972,6,6
40641,The Sleek Slit-Sleeve Ribbed Top - Black,175.0,KNTD,Tops,0.05099150141643059,6,14
40642,The Sleek Slit-Sleeve Ribbed Top - Pink,175.0,KNTD,Tops,0.05099150141643059,6,14
40643,Women's Black Tube Top Strapless,150.0,KNTD,Tops,0.036827195467422094,6,14
40644,The Sleek Slit-Sleeve Ribbed Top - White,175.0,KNTD,Tops,0.05099150141643059,6,14
40645,Beige Cropped Long Sleeve Bomber Jacket,999.0,KNTD,Jackets,0.5178470254957507,6,4
40646,Beige Ribbed Turtleneck Blouse,300.0,KNTD,Tops,0.12181303116147309,6,14
40647,Mint Cropped Long Sleeve Bomber Jacket,999.0,KNTD,Jackets,0.5178470254957507,6,4
40648,Gray Cropped Long Sleeve Bomber Jacket,999.0,KNTD,Jackets,0.5178470254957507,6,4
40649,Gray Women's Gogh jacket With Hood,600.0,KNTD,Jackets,0.29178470254957506,6,4
40650,Beige Women's Gogh jacket With Hood,840.0,KNTD,Jackets,0.42776203966005666,6,4
40651,Mint Women's Gogh jacket With Hood,840.0,KNTD,Jackets,0.42776203966005666,6,4
40652,Mint Women's Gogh jacket With Hood,840.0,KNTD,Jackets,0.42776203966005666,6,4
40653,Oilve Women's Gogh jacket With Hood,840.0,KNTD,Jackets,0.42776203966005666,6,4
40654,Camel Women's Gogh jacket With Hood,600.0,KNTD,Jackets,0.29178470254957506,6,4
40655,Women's Faux Fur Beige Jacket,1400.0,KNTD,Jackets,0.7450424929178471,6,4
40656,Women's Faux Fur Light Biege Jacket,1400.0,KNTD,Jackets,0.7450424929178471,6,4
40657,Black Ribbed Turtleneck Blouse,300.0,KNTD,Tops,0.12181303116147309,6,14
40658,Women's Skirt  Black Mini Faux Leather Short Belted,470.0,KNTD,Shorts,0.21813031161473087,6,9
40659,Women's Skirt  Brown Mini Faux Leather Short Belted,335.0,KNTD,Shorts,0.141643059490085,6,9
40660,Black Blouse With stitch detail,450.0,KNTD,Tops,0.20679886685552407,6,14
40661,Light Beige Cropped Long Sleeve Bomber Jacket,999.0,KNTD,Jackets,0.5178470254957507,6,4
40662,Black Cropped Long Sleeve Bomber Jacket,999.0,KNTD,Jackets,0.5178470254957507,6,4
40663,Women's Faux Fur Black Jacket,1400.0,KNTD,Jackets,0.7450424929178471,6,4
40664,One Shoulder Basic Top - Sky Blue,150.0,KNTD,Tops,0.036827195467422094,6,14
40665,One Shoulder Basic Top - Navy,150.0,KNTD,Tops,0.036827195467422094,6,14
40666,One Shoulder Basic Top - Pink,150.0,KNTD,Tops,0.036827195467422094,6,14
40667,One Shoulder Basic Top - White,150.0,KNTD,Tops,0.036827195467422094,6,14
40668,Crochet Halter Top – White,420.0,KNTD,Tops,0.18980169971671387,6,14
40669,Crochet Halter Top – Black,420.0,KNTD,Tops,0.18980169971671387,6,14
40670,Crochet Halter Top – Rust Brown,420.0,KNTD,Tops,0.18980169971671387,6,14
40671,Tie Dye One Shoulder Shirt- Green,150.0,KNTD,Tops,0.036827195467422094,6,14
40672,Tie Dye One Shoulder Shirt- dark blue,150.0,KNTD,Tops,0.036827195467422094,6,14
40673,Tie Dye One Shoulder Shirt- sky blue,150.0,KNTD,Tops,0.036827195467422094,6,14
40674,Tie Dye One Shoulder Shirt- Black,150.0,KNTD,Tops,0.036827195467422094,6,14
40675,Quarter Sleeve Cropped Shirt - Pink,245.0,KNTD,Tops,0.0906515580736544,6,14
40676,Velvet High Neck Top - Black,205.0,KNTD,Tops,0.0679886685552408,6,14
40677,High Neck Rib Top - Black,175.0,KNTD,Tops,0.05099150141643059,6,14
40678,High Neck Rib Top - White,175.0,KNTD,Tops,0.05099150141643059,6,14
40679,High Neck Rib Top - Pink,175.0,KNTD,Tops,0.05099150141643059,6,14
40680,Gabardine Pants in Brown,950.0,KNTD,Pants,0.49008498583569404,6,6
40681,Gabardine Jacket in Ash Brown,1050.0,KNTD,Jackets,0.546742209631728,6,4
40682,Gabardine Jacket in Black,1050.0,KNTD,Jackets,0.546742209631728,6,4
40683,Leather Jacket in Black,1200.0,KNTD,Jackets,0.6317280453257791,6,4
40684,Leather Jacket in Brown,1200.0,KNTD,Jackets,0.6317280453257791,6,4
40685,W-Sweatshirt-2639-L-Lime Green test,100.0,KNTD,T-Shirts,0.0084985835694051,6,13
40686,Wool Jacket with Zipper – Beige,1600.0,KNTD,Jackets,0.8583569405099151,6,4
40687,Wool Jacket with Zipper – Black,1600.0,KNTD,Jackets,0.8583569405099151,6,4
40688,Wool Jacket with Zipper – Oily,1600.0,KNTD,Jackets,0.8583569405099151,6,4
40689,The UNISEX Messy Sweatpants,750.0,Corebasics,Sweatpants,0.37677053824362605,5,11
40690,Cropped sweater,800.0,Corebasics,Knitwear,0.40509915014164305,5,5
40691,Hour Glass sweater,950.0,Corebasics,Knitwear,0.49008498583569404,5,5
40692,Cone Top,450.0,Corebasics,Tops,0.20679886685552407,5,14
40693,Loose neck top,450.0,Corebasics,Tops,0.20679886685552407,5,14
40694,Backless Top,400.0,Corebasics,Tops,0.17847025495750707,5,14
40695,One side Maxi Top,650.0,Corebasics,Dresses,0.32011331444759206,5,2
40696,Backless Bodysuit,400.0,Corebasics,Tops,0.17847025495750707,5,14
40697,Stripped set,1400.0,Corebasics,Sets,0.7450424929178471,5,8
40698,Speghetti Strap Top,350.0,Corebasics,Tops,0.1501416430594901,5,14
40699,Boated Top,500.0,Corebasics,Tops,0.23512747875354106,5,14
40700,Tank Top,350.0,Corebasics,Tops,0.1501416430594901,5,14
40701,Linen Pants,950.0,Corebasics,Pants,0.49008498583569404,5,6
40702,UNISEX Pants,650.0,Corebasics,Pants,0.32011331444759206,5,6
40703,Slit dress,750.0,Corebasics,Dresses,0.37677053824362605,5,2
40704,Tie dress,900.0,Corebasics,Dresses,0.46175637393767704,5,2
40705,Double layered dress,600.0,Corebasics,Dresses,0.29178470254957506,5,2
40706,Side Slip Dress,900.0,Corebasics,Dresses,0.46175637393767704,5,2
40707,Tube Dress,700.0,Corebasics,Dresses,0.34844192634560905,5,2
40708,Backless Dress,900.0,Corebasics,Dresses,0.46175637393767704,5,2
40709,ALL-DAY Oversized Blazer,1200.0,Corebasics,Jackets,0.6317280453257791,5,4
40710,Cropped Jacket,670.0,Corebasics,Jackets,0.3314447592067989,5,4
40711,Finger Quarter Zip Sweater,650.0,Corebasics,Knitwear,0.32011331444759206,5,5
40712,Oversized UNISEX Jacket,700.0,Corebasics,Jackets,0.34844192634560905,5,4
40713,UNISEX Quarter Zip Sweater,670.0,Corebasics,Knitwear,0.3314447592067989,5,5
40714,Corebasics essential cap,300.0,Corebasics,Accessories,0.12181303116147309,5,0
40715,Long Arm Sleeves,100.0,Corebasics,Tops,0.0084985835694051,5,14
40716,Corebasics essential sock (2 pairs),90.0,Corebasics,Accessories,0.0028328611898017,5,0
